Title,Ingredients,Steps,Loves,URL
Ayam Woku Manado,1 Ekor Ayam Kampung (potong 12)--2 Buah Jeruk Nipis--2 Sdm Garam--3 Ruas Kunyit--7 Bawang Merah--7 Bawang Putih--10 Cabe Merah--10 Cabe Rawit Merah (sesuai selera)--3 Butir Kemiri--2 Batang Sereh--2 Lembar Daun Salam--2 Ikat Daun Kemangi--Penyedap Rasa--1 1/2 Gelas Air--,"Cuci bersih ayam dan tiriskan. Lalu peras jeruk nipis (kalo gak ada jeruk nipis bisa pake cuka) dan beri garam. Aduk hingga merata dan diamkan selama 5 menit, biar ayam gak bau amis.--Goreng ayam tersebut setengah matang, lalu tiriskan--Haluskan bumbu menggunakan blender. Bawang merah, bawang putih, cabe merah, cabe rawit, kemiri dan kunyit. Oh iya kasih minyak sedikit yaa biar bisa di blender. Untuk sereh nya di geprek aja terus di buat simpul.--Setelah bumbu di haluskan barulah di tumis. Jangan lupa sereh dan daun salamnya juga ikut di tumis. Di tumis sampai berubah warna ya ğŸ‘Œ--Masukan ayam yang sudah di goreng setengah matang ke dalam bumbu yang sudah di tumis, dan diamkan 5 menit dulu. Biar bumbu meresap. Lalu tuangkan 1 1/2 Gelas air. Lalu tambahkan penyedap rasa (saya 3 Sdt, tapi sesuai selera ya) koreksi rasa dan Biar kan sampai mendidih--Setelah masakan mendidih, lalu masukan daun kemangi yang sudah di potong potong. Masak lagi sekitar 10 menit. And taraaaaaaaaaaaaaa..... jadi deh Ayam Woku Manadonya.--Oh iyaa kalo mau di tambahkan potongan tomat merah juga bisa ko. Sesuai selera aja yaa buibuuuu ğŸ‘ŒğŸ‘ŒğŸ‘Œ--",1,/id/resep/4473027-ayam-woku-manado
Ayam goreng tulang lunak,1 kg ayam (dipotong sesuai selera jangan kecil2 ya)--2 batang serai (memarkan)--4 lembar daun jeruk--7 butir bawang putih (haluskan)--1 sdm ketumbar (haluskan)--3 ruas jari Laos (haluskan)--3 ruas jari kunyit (haluskan)--2 butir kemiri (haluskan)--secukupnya Garam--Secukupnya Air (tuk ukep ayam)--Secukupnya Minyak goreng--,"Haluskan bumbu2nya (BaPut, ketumbar, kemiri, kunyit, Laos, garam) hingga halus, sisihkan--Campur kan bumbu halus tadi dengan ayam yg sudah dicuci bersih dan sudah dipotong didalam panci presto. Uleni sampai tercampur rata.--Tambahkan air hingga ayam tenggelam semua. Masukkan serai dan daun jeruk nya kedalam rendaman ayam. Tutup panci presto rebus/ ukep presto sampai kurleb 45 menit. Dengan api sedang.--Setelah proses ukep presto selesai, tunggu suhu dingin ruang. Lalu goreng ayam dengan minyak goreng api sedang sampai ayam berwarna kecoklatan.--Matang dan sajikan ayam selagi hangat bersama nasi putih, sambal dgn perasan jeruk nipis, lalapan.--",1,/id/resep/4471956-ayam-goreng-tulang-lunak
Ayam cabai kawin,1/4 kg ayam--3 buah cabai hijau besar--7 buah cabai merah rawit--3 siung bawang putih--2 siung bawang merah--secukupnya Gula--secukupnya Garam--1/4 buah tomat merah--secukupnya Air--secukupnya Minyak goreng--,"Panaskan minyak di dalam wajan. Setelah minyak panas masukkan ayam yang sudah dipotong dadu. Goreng hingga matang. Lalu tiriskan.--Haluskan bawang putih, bawang merah, cabai hijau dan merah, tomat.--Panaskan minyak didalam wajan. Setelah minyak panas, masukkan bumbu yang sudah halus. Tunggu sampai wangi. Masukkan ayam yang sudah di goreng. Tambahkan air, gula dan garam. Tunggu sampai bumbu meresap di ayam. Sajikan.--",2,/id/resep/4473057-ayam-cabai-kawin
Ayam Geprek,"250 gr daging ayam (saya pakai fillet)--Secukupnya gula dan garam--50-100 gr tepung ayam serbaguna--Secukupnya lalapan (kemangi,kol,timun)--Secukupnya minyak panas--â¤sambal korek--Secukupnya cabe rawit merah dan bwg putih--","Goreng ayam seperti ayam krispi--Ulek semua bahan sambal kemudian campur dengan minyak panas bekas goreng ayam--Geprek ayam kemudian campur dengan sambal,sajikan dengan lalapan â¤--",10,/id/resep/4473023-ayam-geprek
Minyak Ayam,"400 gr kulit ayam & lemaknya--8 siung bawang putih kating, cincang kasar--1 ruas jahe, geprek--350 ml minyak goreng--1 sdm ketumbar bubuk--","Cuci bersih kulit ayam. Sisihkan--Ambil 50 ml minyak goreng satu bahan yg sudah disiapkan tadi. Tumis jahe hingga harum.--Masukkan kulit ayam, ketumbar dan bawang. Biarkan hingga keluar minyak alaminya sambil diaduk-aduk.--Tambahkan sisa minyak goreng. Masak hingga kulit ayam mengering. Angkat dan saring.--Setelah cukup dingin minyak ayam tadi dapat disimpan dalam wadah kering seperti mason jar/botol. Kalo saya, saya masukkan juga sedikit bawang putih goreng.--Kulit ayam yg sudah digoreng kering tadi bisa dinikmati begitu saja sebagai camilan dengan ditaburi sejumput garam lalu aduk rata.--",4,/id/resep/4427438-minyak-ayam
Nasi Bakar Ayam,"1 piring nasi--Â¹/â´ fillet ayam, potong kotak, cuci bersih--Daun pisang yang sudah dibersihkan--Lidi/tusuk gigi untuk mengapit daun--1 lbr daun salam--3 cm serai, memarkan--1 ikat daun kemangi, opsional--1 cabe merah besar, iris tipis--1 sdt kecap manis--Minyak untuk menumis--100 ml air--Bumbu Halus:--1 cabe merah besar--3 cabe kecil--2 siung bawang merah--1 siung bawang putih--1 kemiri--1 cm kunyit--Â¹/Â² ruas jahe--Â¹/â´ tomat--1 sdt gula pasir--1 blok kaldu ayam (aku biasa pake maggy) pake royco, masako--Merica (dikira2 z takar nya, aku sdkit z sih)--","Tumis bumbu halus, masukkan daun salam, serai--Masukkan potongan ayam, kecap dan air, masak hingga air menyusut dan koreksi rasa--Masukkan irisan cabe merah dan daun kemangi, aduk sebentar dan matikan api--Tata daun pisang, tata nasi di atas daun, beri isian ayam atau bisa juga nasi di campur dan diaduk dulu dengan ayam baru di tata di daun Pisang, bunbu ayam akan lebih meresap k nasi--Setelah nasi di bungkus, barulah nasi di bakar, aku bakar pake teflon z br cepet ğŸ˜€ğŸ˜€--Sajikan selagi hangat ğŸ‘ğŸ‘endeusss--Note: Jangan membakar terlalu lama biar nasi ga kotor dari daun yg di bakar kering--",1,/id/resep/4472552-nasi-bakar-ayam
Ayam Saus Hintalu Jaruk,"1/2 Ekor ayam--2 Butir Hintalu Jaruk--1 Buah Cabe merah--1 Buah Cabe hijau--300 gr Tepung terigu--1 bks Merica bubuk--2 Siung Bawang putih--1 Buah jeruk nipis--secukupnya Minyak goreng untuk menumis dan menggoreng--secukupnya Gula, garam dan penyedap rasa--","Potong ayam menjadi kotak-kotak ukuran sedang cuci bersih kemudian lumuri perasan jeruk nipis, garam dan merica--Buat adonan tepung untuk melapisi ayam. Adonan A (Tepung terigu, garam, merica, penyedap dan air es) dan adonan B (Tepung terigu, garam, merica dan penyedap)--Masukan daging ayam kedalam adonan A kemudian lapisi dengan adonan B, setelah itu goreng daging kedalam minyak panas sampai berwarna kuning keemasan. Angkat tiriskan--Cincang bawang putih,iris seron cabe merah dan cabe hijau. Lumatkan kuning hintalu jaruk aka telur asin dengan air dingin sampai berbentuk pasta--Tumis bawang putih dan cabe sampai harum, kemudian tuangkan ayam dan pasta kuning telur.--Tambahkan gula, garam, penyedap dan merica secukupnya. Tes rasa dan masal hingga mengental--Angkat dan sajikan bersama nasi putih panas. Selamat mencoba--",0,/id/resep/4437475-ayam-saus-hintalu-jaruk
Ayam saos teriyaki Lada Hitam,Ayam bagian dada dan tulang--1 buah bawang bombay--2 siung bawang daun--4 siung bawang putih--1 buah cabe merah besar--1 buah cabe ijo besar--Bahan bumbu :--secukupnya Air--Mentega untuk menumis--1 bungkus saos teriyaki (2 sdm)--1 sdm gula pasir--1 bungkus royco ayam--Larutan meizena--,"Cara Buat :
1. Sediakan teplon or wajan beri sedikit minyak dan masukan bawang putih dan bawang bombay yang sudah di potong potong tumis sampai harum. Bisa juga sebelum dimasak ayamnya dibalurkan ke saos teriyaki dan diamkan selama 15 menit agar meresap--2. Masukan ayam oseng sampai agak mateng, baru masukan cabe ijo dan merah.
Beri sedikit air--3. Masukan bumbu royco ayan saos teriyaki, gula, dan bubuk lada hitam. Cicipin--4. Setelah mulai mateng masukan daun bawang jika ingin kental bisa masukan larutan meizena yak. Saya tadi gak pake karena tiba tiba amnesia kirain punya tepungnya ternyata udah habis ğŸ˜­..
Setelah masak siap disajikan dengan nasi angat.--",0,/id/resep/4472877-ayam-saos-teriyaki-lada-hitam
Steak ayam,300 gr dada ayam fillet--1 sdm air jeruk nipis--secukupnya garam--adonan basah--50 gr terigu--10 gr maizena--1/4 sdt merica--garam--secukupnya air--adonan kering--150 gr terigu--30 gr maizena--1/2 sdt merica bubuk--1/4 sdt kaldu jamur--secukupnya garam--secukupnya minyak goreng--bahan saus jamur--50 gr jamur tiram blender--3 bawang putih cincang halus--20 gr keju parut--1 sdm maizena cairkan dgn air--2 sdm saus tiram--1 sdm kecap manis--1/2 sdt merica halus--secukupnya garam & kaldu jamur--air--bahan pelengkap--buncis dan wortel di kukus--,"Cuci bersih ayam, iris tipis melebar, rendam dgn garam dan air jeruk nipis 10 menit, cuci--Campur adonan kering, sisihkan--Campur adonan basah, sisihkan--Panaskan minyak goreng dgn api sedang, gulingkan ayam pada adonan kering, lalu celup ke adonan basah, gulingkan lg pada adonan kering, jgn di remas2, kibas2 daging ayam pada adonan kering, lalu goreng di minyak yg banyak dan panas, biarkan krispinya terbentuk dl, jgn di balik2 dl, setelah cukup kering br di balik, goreng smpe matang, tiriskan--Blender jamur tiram kasih air sedikit. tumis bawang putih yg di cincang halus, masukkan jamur yg di blender, masukkan bumbu2 yg lain sampai meresap, lalu tuang maizena yg sdh di cairkan dgn setengah gelas air, aduk2, masukkan keju parut, aduk sampai meletup2, tes rasa, klo sdh sesuai, angkat--Tata dlm piring, ayam goreng tepung dan sayur kukus, siram dgn saus jamur, taburi daun bawang atau parsley jk ada.--",6,/id/resep/4472822-steak-ayam
Ayam Saos Asam Manis Simple,1/4 kg Ayam bagian dada fillet (Potong dadu)--Secukupnya air jeruk nipis utk baluran--1 Bungkus tepung bumbu ayam instan uk besar + campur sedikit tepung terigu--3 Siung b.putih (iris tipis)--3 Siung b.merah (Iris tipis)--1 Buah b.bombay (Iris tipis)--1 Buah tomat uk besar (Haluskan)--3 sdm saos sambal--1 Sdm Saos tiram--Secukupnya Gula & garam--Secukupnya merica bubuk--,"Lumuri ayam yg sdh dipotong dadu dgn garam & perasan jeruk nipis (diamkan sebentar)--Baluri ayam dengan tepung basah, lanjutkan ke tepung kering, diamkan sebentar--Goreng ayam yg sdh dbaluri tepung sampai kering & matang, angkat tiriskan.--Membuat Saos Asam Manis : -Tumis b.merah & putih (sy suka klo bawang y agak kering)--Masukkan bawang bombay, tumis sebentar.--Masukkan tomat buah yg sdh dihaluskan tdi, tumis lagi pakai api sedang, tambahkan air secukupnya--Masukkan saos sambal, saos tiram, sedikit perasan jeruk nipis, gula, garam & merica (koreksi sampai rasanya terasa asam manis gurih segar)--Masukkan ayam yg sdh digoreng tdi kedalam saos asam manis, diamkan sebentar--Setelah ayam sdh cukup merasap dengan saos asam manisnya matikan api dan siap disajikan dengan nasi putih hangat--",6,/id/resep/4472901-ayam-saos-asam-manis-simple
Gurame Saus Padang,Bahan utama:--1 ekor gurame--Bumbu untuk saus:--4 siung bawang putih (cincang halus)--3 siung bawang merah (cincang halus)--15 bh cabai merah (giling) banyaknya cabai sesuai selera yağŸ˜Š--7 buah cabai rawit iris tipis (sesuai selera)--1/2 bawang bombang iris--Saus tiram--Saus tomat--Garam--Gula--Lada--1 bh wortel iris tipis memanjang (opsional)--1 buah tomat potong dadu (opsional)--1 batang irisan daun bawang--1 ruas jahe ukuran kecil iris tipis--Tepung maizena--250 ml air--Bumbu untuk menggoreng ikan :--Tepung beras--Tepung terigu--Garam--Jeruk nipis/ lemon--Minyak sayur--,"Cuci bersih ikan gurame yang akan dimasak. Setelah itu lumuri ikan dengan air perasan jeruk nipis/lemon diamkan beberapa menit untuk menghilangkan bau amisnya--Campur tepung terigu,tepung beras dan garam menjadi satu,kemudian lumuri ikan dengan tepung tersebut lalu goreng hingga matang lalu tiriskan. Pastikan minyak yang digunakan sudah panas ya biar ikannya tidak lengketğŸ˜Š.--Tumis bawang merah bawang putih hingga harum,kemudian masukan cabai yang sudah giling, aduk rata--Tambahkan bawang bombay,saus tiram saus tomat dan jahe, aduk sebentar lalu tambahkan 250ml air--Kemudian tambahkan garam dan gula sesuai selera.--Masukkan irisan cabai rawit dan daun bawang dan tomat. Aduk rata. Kemudian tambahkan larutan maizena agar saus mengental--Jika tidak ada tepung maizena. Diamkan beberapa menit hingga kandungan air menyusut dan saus terlihat mengental--Tes rasa. Jika sudah pas. Sajikan dan gurame saus padang siap disantap!ğŸ˜Š--",2,/id/resep/4474009-gurame-saus-padang
Ikan Kembung Bakar Teflon,"1/2 kg ikan kembung sate, bersihkan--1 buah jeruk sate/jeruk kunci--1 sdm garam halus--2 sdt lada bubuk--1 sdm ketumbar bubuk--","Kucuri ikan dengan jeruk, diamkan 5 menit--Lumuri ikan dg garam, lada dan ketumbar bubuk, simpan d kulkas sekitar 30 menit--Bakar d atas teflon yg d olesi mentega/ butter tipis dengan api yg kecil--Balik untuk membakar kedua bagian ikan.--Sajikan dengan cocolan sambal kecap--",2,/id/resep/4474225-ikan-kembung-bakar-teflon
Mujaer asam pedas manis,1/2 kg ikan mujaer (stok gurame habis)--2 buah Wortel potong korek api--1 siung bawang bombai--7 siung bawang putih--13 cabai rawit--4 siung bawang merah--2 sendok makan Saos tomat--2 sendok makan Saos tiram--Garam--Merica--100 ml air matang--Jahe--Jeruk nipis--,"Bersihkan ikan sampai benar-benar bersih. Kerat-kerat dagingnya. Beri garam, merica, potongan jahe perasan jeruk nipis, dan 2 siung bawang uleg. Diamkan 10 menit--Uleg 5 bawang putih yang tersisa. Potong bawang bombai dan dan bawang merah dan cabai rawit.--Goreng ikan mujaer hingga matang, lalu sisihkan.--Tumis bawang merah dan bawang bombai hingga wangi, masukkan bawang putih uleg. Tumis hingga wangi.--Masukkan wortel, tambahkan air. Aduk-aduk. Tunggu hingga wortel hampir matang.--Masukkan saos tomat dan saos tiram. Beri perasan jeruk nipis. Aduk-aduk Koreksi rasa. Jika sudah pas, masukkan ikan, aduk sebentar saja.--Siap disajikan.--",1,/id/resep/4473689-mujaer-asam-pedas-manis
Gurame Asam manis,"1/2 kg ikan gurame--2 buah wortel (potong seperti batang korek api)--Bumbu--5 siung bawang merah--4 siung bawang purih--1 bh tomat--Cabe besar (selera brp j)--Cage kecil (selera brp j)--2 sacet Saos sambel--Saos tomat (q pakek Saos botolan)--Bahan tambahan--Tepung maezena--Kunir--Garam, gula, merica ladaku--","Uleg kunir sama garam kasih air lalu guraminya d rendam, diem in sekitar 10menitan lalu goreng gurame--Untuk Saos asam manis nya, gongso semua bumbu sampek harum, masukan wortel setelah itu kasih Saos Dan garam gula merica ladaku, rasain setelah pas rasanya baru masukan tepung meizena yg sudah d cairkan dengan air setelah mengental angkat--Tata gurame d atas piring siram saosnya Dan siap di santaaap...--",5,/id/resep/4473428-gurame-asam-manis
Asam padeh ikan tuna,1/2 kg ikan tuna--6 siung bawang merah--4 siung bawang putih--2 ruas kemiri--2 batang serai--2 ruas kunyit--2 ruas laos--4 lembar daun jeruk--1 lembar daun kunyit--2 buah asam Kandis--4 buah belimbing hulu--6 buah cabai merah (bisa disesuaikan)--10 buah cabai rawit (bisa disesuaikan)--3 gelas air--2 sendok garam--1/2 sendok gula--,"Haluskan bumbu (cabai merah, kemiri, bawang, kunyit, Laos)--Tumis bumbu sampai berubah warna--Tambahkan air--Masukkan serai yg sudah di geprek, daun kunyit, daun jeruk, asam Kandis, belimbing hulu, dan cabai rawit utuh (tdk dihaluskan dan tdk dipotong)--Tunggu sampai mendidih--Setelah mendidih, masukkan ikan tuna (sudah dicuci bersih dan diberi air perasan jeruk)--Kemudian beri garam dan gula secukupnya--Tunggu sampai air sedikit berkurang dan mengental--Asam padeh ikan tuna siap disajikan--",7,/id/resep/4473138-asam-padeh-ikan-tuna
Avocado Tuna Salad,1 kaleng Tuna Chunks--2 butir telur rebus--3 buah kentang rebus--2 buah avocado--2 buah bawang merah--12 biji zaitun--1 buah timun--Sebongkol daun salada/lettuce--secukupnya Garam & merica--,"Campur semuanya dalam baskom, kecuali biji zaitun, telur rebus. Lalu tambahkan garam & merica--Tuang dalam piring saji, atur irisan telur & biji zaitun. Siap disajikan.--",0,/id/resep/4473223-avocado-tuna-salad
Lele Asam Manis,1/2 kg Lele Segar--180 ml air--3 sdm kecap manis--1 sdm margarine/minyak--1/2 sdt saus tiram (optional)--Bumbu halus :--6 siung bawang merah--5 siung bawang putih--4 cabe merah (bisa lebih sesuai selera)--2 buah kemiri--1 sdt garam (sesuai selera)--1/2 sdt penyedap rasa (sesuai selera)--1/2 sdt gula pasir (sesuai selera)--,"Cuci bersihbikan, lalu goreng ikan lele agak matang tapi jangan sampai renyah. Tiriskan--Sambil menunggu, haluskan semua bumbu di atas.--Panaskan wajan dengan margarin.--Masukkan bumbu halus ke dalam wajan sampai harum. Tambahkan kecap, saus tiram dan air--Setelah berbau harum, barulah ikan lele dimasukkan.--Tunggu sampai bumbu meresap serta tes rasa. Setelah air tnggal sedikit, angkat dan sajikan.. Semoga membantu..--",0,/id/resep/4473217-lele-asam-manis
Pempek kulit ikan tenggiri,500 gr kulit ikan tenggiri halu--200 cc air matang--1 sdt garam--1 sdt Penyedap/ kaldu jamur--1/2 sdt merica--1/2 sdt gula--60 ml santan kental--5 siung bawang putih--5 siung bawang merah--350 gr sagu tani--2 sdm terigu--100 gr sagu untuk balur--,Aduk ikan tambahkan air sedikit demi sedikit bersamaan dgn garam--Masukkan terigu bersama santan--Masukkan sagu--Balurin tangan dgn sagu bentuk adonan dgn sendok makan--Letakkan di piring yg ditabur sagu--Goreng minyak panas sampai mengembang--Dinginkan--Potong2 lalu goreng--Siap menggoyang lidah sajikan dgn cuko--,6,/id/resep/4472657-pempek-kulit-ikan-tenggiri
Tumis Tongkol Petai,2 bungkus tongkol--2 cabe gendot--2 papan petai--2 cabe rawit--2 bh cabe merah--3 bh b. Merah--3 bh b. Putih--2 lembar daun salam--Secukupnya garam--Secukupnya gula putih--,"Cuci bersih ikan tongkol, goreng sebentar--Iris b. Merah, b. Putih, cabe merah, cabe rawit, cabe gendot. Tumis--Masukan petai, tambahkan sedikit air. Masukan garam, gula pasir. Cek rasa. Sajikan--",6,/id/resep/4472513-tumis-tongkol-petai
Ikan Patin pedas manis,500 gr ikan patin--5 siung bawang merah iris tipis--4 siung bawang putih iris tipis--1/2 bawang bombay ukuran kecil iris tipis--Cabai merah keriting (sesuai selera) iris tipis--Cabai rawit setan (sesuai selera) biarkan utuh--1 ruas lengkuas digeprek--2 lembar daun jeruk--2 sendok makan kecap--3 batang bawang daun iris tipis--,"Ikan patin yang sudah dicuci bersih, dilumuri garam kemudian digoreng setengah kering--Tumis irisan bawang merah, putih, bombay dan cabai sampai dengan harum--Masukkan ikan yang sudah digoreng sebelumnya, kemudian tambahkan sedikit air--Masukkan kecap, lengkuas, daun jeruk, garam dan gula. Koreksi rasa--Biarkan sampai dengan meresap ke dalam daging ikan, setelah benar2 meresap terakhir masukkan irisan bawang daun dan cabai rawit setan, kemudian angkat dan sajikan--",0,/id/resep/4472909-ikan-patin-pedas-manis
.Sate Kambing,Bahan-bahan :--500 gr Daging kambing--Daun pepaya--Bumbu yang dihaluskan :--4 siung bamer--4 siung baput--2 cm jahe--1 sdt ketumbar--1/2 sdt lada bubuk--1/2 sdt Garam--1 sdm air asam jawa--Bahan sambel kecap :--Kecap manis sesuai selera (aku pake bango)--Cabe rawit--Bamer--Tomat--Jeruk limau--,"1. Cuci bersih daging kambing, potong"" kotak, bungkus didalam lapisan daun pepaya (30menit)--2.setelah 30 menit, keluarkan daging dr daun pepaya, campurkan dengan bumbu yang sudah dihaluskan, diamkan 15 menit--3. Susun daging pada tusuk sate kurlen 4-5 potong per tusuk--4. Bakar (bisa pakai arang / teflon)--5. Bolak balik sate hingga benar"" matang--6. Sajikan dengan sambal kecap--",6,/id/resep/4470066-sate-kambing
Rabeg Kambing,1 kg daging kambing bagian paha beserta tulang--Bumbu halus--100 gr cabe--7 siung bawang putih--8 siung bawang mersh--7 butir kemiri--2 cm jahe--1 ruas kunyit--1/2 sdt klabet--1/2 sdt jinten--Bumbu lain--1 batang sereh--3 lembar daun salam--2 cm kayu manis--5 butir cengjeh--3 kapulaga hijau--5 sdm kecap manis--Garam--Gula--Pelengkap--Acar--Bawang goreng--,Tumis bumbu halus hingga harum. Masukan bumbu bumbu lain kecuali kecap.--Masukan daging kambing. Aduk sampai daging terbalut bumbu dan berubah warna--Pindahkan tumisan daging ke panci. Tambahkan air. Beri kecap gulz dan garam. Masak sampai daging empuk dan air tinggal sedikit--Sajikan dengan nasi dan pelebgkap--,6,/id/resep/4469170-rabeg-kambing
Gulai kambing,"500 gram daging kambing--Bumbu :--sesuai selera Santan--2 btng serai,memarkan--5 lembar Daun Salam,jeruk--sesuai selera Cabe--2 btr Cengkeh--Bumbu halus:--5 siung bawng merah--4 siung bwng putih--5 butir kemiri--2 cm kunyit--2 cm jahe--2 cm lengkuas--1 sdt ketumbar--Mrica,pala,garam,gula seckpnya--","Rebus dgng kambing dgn jahe krng lbh 20 menit lalu buang airnya,cc bersih--Tumis bumbu yg sudah dihaluskn,,masukn semua bahan Dan bumbu--Rebus sampe empuk--Terakhir masukn santan,tes rasa,,,--Sajikan dimangkok,yumm âœŒï¸--",0,/id/resep/4467084-gulai-kambing
Sayur tulang kambing,1.5 kg tulang sumsum kambing(direbus dahulu)agar bau amis hilang--Kacang panjang--Pepaya muda--10 buah Cabe rawit--2 buah Cabe merah besar--2 buah Cabe hijau besar--5 bawang putih--5 bawang merah--2 miri--Garam--1 bungkus masako--1/2 sendok makan Gula putih--Minyak goreng--Irisan potongan bawang merah 5 siung--Irisan potongan bawang putih 5 siung--Santan kelapa--,"Haluskan bawang merah 5 siung dan 5 bawang putih beserta cabe rawit dan miri.--Panaskan kompor ksh sedikit minyak goreng, masukkan irisan cabe besar merah, hijau serta bawang putih dan merah sampai setengah matang--Lalu masukkan cabe,miri,bawang merah dan bwang putih yg telah di haluskan,tumis sampai matang--Masukkan sedikit air pada tumisan tadi...lalu masukkan sayuran beserta tulang sumsum kambing yg sudah di rebus tadi--Terakhir masukkan santan, garam, 1bungkus masako, gula putih..tunggu sampai mendidih aduh terus agar santannya tidak pecah.--Matikan kompor...sayur tulang kambing siap di hidangkan--",1,/id/resep/4458778-sayur-tulang-kambing
Sate Kambing,300 garam daging kambing--1/2 buah jeruk nipis--secukupnya kecap manis--bumbu kacang:--100 gram kacang tanah goreng--3 siung bawang merah--2 siung bawang putih--1 buah cabe merah besar--5 buah cabe rawit merah (sesuai selera)--2 butir kemiri--4 lembar daun jeruk--200 ml air--2 sdm kecap manis--2 sdm gula merah iris--secukupnya garam--bahan tambahan :--acar wortel timun bawang cabe rawit--bawang goreng--,"Potong daging kambing sesuai selera, beri perasan jeruk nipis, diamkan 10 menit, kemudian cuci bersih.. setelah itu tusukan daging pda tusuk sate--Buat bumbu kacang: 1. blender kacang tanah dengan air sampai halus. 2.haluskan bumbu (bawang cabe kemiri) tumis bumbu halus sampai harum. beri garam gula merah dan kecap.. aduk rata.. kemudian beri cairan kacang tanah.. aduk rata, koreksi rasa.. aduk terus agar tidak menggumpal... kekentalan saus kacang sesuai selera.. kemudian angkat.--Taruh dalam piring, saus kacang 3sdm dan kecap manis 3 sdm, aduk rata... baluri sate dengan bumbu ini sampai rata... kemudian bakar sampai matang...--Setelah matang sate disajikan demgan saus kacang, acar, bawang goreng, dan nasi/lontong.. nikmat satenya besar-besar.... ğŸ˜--",7,/id/resep/4462884-sate-kambing
Sop Kaki Kambing,"4 kaki kambing--2-3 buah kentang, potpng dadu besar--3-4 batang daun bawang, iris 2 cm--2-3 L air panas--2-3 sdm minyak utk menumis--Bumbu halus:--4 buah bawang merah--8 buah bawang putih--1 sdm garam--1 sdt lada bubuk--1/2 sdt pala bubuk--Bumbu lainnya:--5 buah cengkeh--4 buah kapulaga india--1 batang kayu manis--2 buah star anise--4 lembar salam koja (bay leaves)--","Bakar kaki kambing utk menghilangkan bulu2 halus dan baunya. Kerok sesekali lalu celupkan ke air panas mendidih. Lakukan hingga kaki benar2 bersih. Lalu potong2 sesuai selera.--Panaskan minyak, tumis bumbu halus hingga harum. Masukan air panas dan bumbu lainnya. Masak hingga mendidih.--Masukan kentang dan kaki kambing. Masak hingga kentang matang dan kaki kambing empuk.--Masukan sisa bahan. Masak 3-4 menit lalu matikan api. Sajikan hangat.--",9,/id/resep/4447258-sop-kaki-kambing
Kari kambing ala bundo,"Daging kambing Â½ kg, potong-potong, lumuri dengan sedikit bumbu halus dan biarkan 15 menit--10 siung bawang merah, iris halus--1 buah tomat, potong tipis--6 butir cengkeh--3 buah peka--5 buah kapulaga--9 siung bawang putih, iris halus--500 ml santan dari 1 butir kelapa (1,5 bungkus segitiga santan kemasan)--150 ml susu cair--500 ml air--3 ruas jari kayu manis--2 lembar daun jeruk purut buang tulangnya--10 lembar daun kari--1 sdt  Garam dan gula sedikit hanya untuk menambah rasa--secukupnya Minyak goreng--Bumbu halus:--1/2 sendok teh jinten, sangrai--1 sendok teh adas, sangrai--10 siung bawang merah--15 buah cabai merah--10 buah cabai rawit merah--6 siung bawang putih--1 sendok makan ketumbar, sangrai--2,5 cm/ 1 ruas jari  jahe--5 cm/ 2 ruas jari  kunyit (diameter kecil)--2,5 cm/ 1 ruas jari  lengkuas--","Tumis hingga harum bawang merah iris, bawang putih, kayu manis, cengkeh, peka, kapulaga kemudian masukkan bumbu halus, masukkan daun jeruk dan daun kari,--Masukkan daging kambing dan buah tomat, masak hingga daging kambing berubah warna dan keluar airnya--Tambahkan air, masak hingga setengah matang--Masukkan santan dan susu cair, masak hingga matang atau empuk.--Daging kari kambing siap dihidangkan bersama acar, roti pratha dan es thai tea.--",1,/id/resep/4376163-kari-kambing-ala-bundo
Tongseng kambing presto,250 gram iga kambing / daging kambing--200 gram kol--bumbu halus :--4 siung bawang merah--4 siung bawang putih--1 ruas kunyit bakar--3 buah kemiri sangrai--1 sdt ketumbar sangrai--1/2 sdt jinten--2 buah cabe merah besar--1 ruas jahe--bumbu tambahan:--4 lembar daun jeruk--2 batang sereh--1 ruas lengkuas--2 batang daun bawang--2 buah tomat--5 buah cabe rawit merah--2 sdm santan kara--secukupnya gula garam--,"Potong daging kambing sesuai selera, cuci bersih kemudian masukan ke panci presto.--Masukan bumbu halus yg sudah ditumis, tambahkan air, sampai daging kambing terendam semua... tambahkan daun jeruk, sereh, lengkuas, masak sesuai petunjuk panci presto.. (me: 20 menit dari keluar uap pertama)--Sambil menunggu, rajang halus daun bawang, belah 4 tomat, potong kasar kol, cairkan santan dengan 300ml air.--Setelah 20 menit, matikan kompor, tunggu sampai uap habis.--Buka tutup panci, beri santan, kol, daun bawang, dan tomat, cabe rawit sesuai selera, aduk rata.. beri gula garam.. koreksi rasa.. masak sampai mendidih.. angkat dan sajikan..--Beri taburan bawang goreng.. makan dengan nasi hangat... ğŸ˜‹ğŸ˜‹--",9,/id/resep/4442026-tongseng-kambing-presto
Telor dadar otak kambing,Otak kambing--2 butir telor ayam--Penyedap masako--3 siung Bawang merah--1 siung Bawang putih--Daun bawang secukupnnya--Cabe rawit 3 biji adanya--Garam--1 lembar Daun salam--Jahe kunyit seujung jari kelingking dikit aja--Minyak untuk numis--,Cuci otak. Kambing smpe bersih cuci semua bumbu--Geprek jahe kunyit dan campurkan ke otak kambing jgn lupa daun salam lalu kukus sekitar 15 menit kurg lbh--Bawang merah putih cabe daun bawang di iris ya ke mangkok lain campur semua bahan kecuali salam buang aja krna itu bekas kukusan aduk bersama telor otak kambing--Lalu goreng smpe. Kekuningan ya--Angkat tiriskan siap di santap pake nasi anget sedapp selamat mencoba--,1,/id/resep/4435937-telor-dadar-otak-kambing
Sate kambing siram sambal bawang kecap,"Bumbu daging--1 kg daging kambing--1,5 sdt ketumbar--1 bungkus royko--1 sdt gula--1,5 sdt bawang putih bubuk(3 siung bawang putih)--2 sdm minyak goreng--secukupnya Garam--secukupnya Kecap--Untuk kuah--3 siung bawang merah--6 buah cabe rawit--secukupnya Kecap--",Potong2 daging lalu masukkan bumbu daging...diamkan selama 1/2 jam--Tusuk2 sate--Lalu di bakar--Untuk kuah tinggal di potong2 saja bawang merah dan cabe rawit siramkan kecap sesui selera lalu di tekan2 degn sendok--,1,/id/resep/4415488-sate-kambing-siram-sambal-bawang-kecap
Beef Teriyaki,"250 gr daging sapi--1 siung bawang bombai--5 siung bawang putih--1 sachet saus teriyaki (sy pk yg saor*, bsa diganti saus tiram)--1 sdm kecap manis--secukupnya garam--secukupnya lada--secukupnya gula--secukupnya penyedap rasa--","Potong kecil-kecil memanjang daging sapi, lalu cuci bersih--Tambahkan garam dan lada diamkan selama kurleb 15 menit--Iris bawang bombai dan bawang putih--Tumis bawang bombai dan bawang putih, setelah harum masukkan daging--Tumis daging sebentar lalu tambahkan saus teriyaki, kecap manis, garam, lada, gula dan penyedap rasa, beri air sedikit--Tutup wajannya agar panasnya merata--Tunggu sampai daging matang, lalu garnish sesuai selera--Beef teriyaki siap untuk disantap--",0,/id/resep/4473529-beef-teriyaki
Rendang Sapi,1 kg daging sapi--4 butir kelapa untuk 2L santan kental--Bumbu dihaluskan :--200 gram Cabe merah--1/2 cm Jahe--2 sdm ketumbar sangrai--10 butir kapulaga--10 butir cengkeh--2 butir bunga lawang--1 buah biji pala--13 butir bawang merah--7 butir bawang putih--25 buah cabe rawit (jika suka pedas)--3 cm lengkuas dipipihkan--2 buah serai dipipihkan--3 lembar daun jeruk--3 lembar daun salam--2 lembar daun kunyit--1/2 sdm garam (tambahkan jika kurang asin)--1 sdt kaldu bubuk (optional)--,"Potong daging berlawanan dari seratnya--Peras santan dari 4 butir kelapa tua menjadi 2 liter--Haluskan bumbu--Tuang santan dan bumbu ke dalam wajan anti lengket, masak hingga mendidih--Kemudian masukkan daging, garam dan kaldu. Masak dengan api kecil sambil sesekali di aduk agar tidak gosong--Sampai tahap ini dinamakan kalio, teruskan memasak hingga daging mulai mengering dan kehitaman--Rendang siap dinikmati--",1,/id/resep/4473035-rendang-sapi
Tongseng daging sapi pedas,"300 gr daging sapi (iris tipis panjang)--Bumbu halus :--7 siung bawang merah--4 siung bawang putih--2 cm jahe--1,5 cm kunyit--3 bh kemiri--5 cabe merah keriting--Bumbu pelengkap :--2 batang sereh--2 daun salam--2 daun jeruk--5 bh cabe rawit merah utuh--Toping--1 bh tomat besar (iris sedang)--Kol secukupnya menurut selera (iris sedang)--","Tumis bumbu halus dengan sedikit minyak, tumis sampai matang dan mengental. Lalu masukkan daging sapi yang telah dipotong2 tadi. Lalu masukkan bumbu pelengkap. Tumis daging dengan bumbu sampai daging sapi berubah warna dan agak mengeluarkan minyak.--Masukkan air secukupnya sekitar 1,5 liter biarkan mendidih sebentar lalu kecilkan api dan tutup panci. Tunggu sampai daging empuk..--Setelah daging empuk masukkan kol dan tomat, masak sebentar saja agar tekstur kol agak crunchy.. angkat lalu sajikan--",3,/id/resep/4472871-tongseng-daging-sapi-pedas
Semur Daging Sapi,"1/2 kg daging sapi--1 biji bawang bombay--2 siung bawang putih 5--5 siung bawang merah--1 bungkus ladaku--1 bungkus royco sapi--3 lembar daun jeruk--1 bunga lawang--2 biji jeruk nipis--Secukupnya kecap manis, gula pasir--Air--","Potong2 daging sesuai selera, cuci dan lumuri dengan air jeruk, aduk2 dan cuci lagi--Rebus daging sampe setengah mateng--Sambil nungu daging direbus, bawang putih digeprek dan diiris2, bawang merah jg bawang bombay--Tumis bawang yg sudah diiris masukkan daging, daun jeruk, ladaku, bunga lawang dan pala, aduk2--Tambahkan air sampe daging terendam, masukkan royco, kecap dan gula pasir (kalo sy ditambahin lg garam sedikit)--Aduk2 dan koreksi rasa, biarka sampe airnya berkurang dikit (tapi jangan sampe habis airnya)--Hidangkan dengan kerupuk udang, hhmmmm ennaakkk--",0,/id/resep/4472987-semur-daging-sapi
Tongseng daging sapi,500 gram Daging sapi--Santan (boleh pakai kara 1 bungkus/ kelapa parut 1/2 buah)--Bawang merah 12 siung (6 siung untuk bawang goreng)--8-10 siung Bawang putih--1/4 Kubis--2 buah Tomat--5 pcs Daun bawang--6 cm Kunyit--5 cm Jahe--6 cm Lengkuas--3 lembar Daun salam--3 lembar Daun jeruk--5 pcs Kemiri--1 sdt Ketumbar--1 sdm Kecap--2 pcs Cabai merah--10 pcs Cabai rawit--secukupnya Garam--secukupnya Penyedap rasa--1 bungkus Merica bubuk ladaku--,"Cuci daging sapi dan potong kecil-kecil sesuai selera.--Masukkan daging sapi dalam air mendidih dan masak hingga empuk.--Lembutkan baput,bamer,kunyit,kemiri,ketumbar,dan cabai merah.--Tumis bumbu yang sudah dilembutkan tadi dan daun salam, daun jeruk, lengkuas,jahe, cabai rawit utuh,ladaku. Tumis hingga baunya harum.--Potong memanjang tomatnya, kubis dan daun bawang potong sesuai selera.--Masukkan bumbu tersebut yang sudah ditumis tadi kedalam rebusan daging yang sudah empuk. Lalu masukkan kubis,daun bawang dan tomat serta santan.--Masukkan juga garam,kecap dan penyedap rasa.--Cek rasa. Kalau sudah mendidih dan rasa sudah pas, TONGSENG DAGING SAPI SIAP DISAJIKAN. Taburi bawang goreng saat penyajiannya--",2,/id/resep/4472530-tongseng-daging-sapi
Beef black pepper spaghetti,"220 gram spaghetti la fonte, rebus sampai al dente--1 ons daging sapi, iris lawan arah--Bahan perendam daging:--secukupnya Saus tiram--secukupnya Kecap asin--secukupnya Soda kue--Bumbu black pepper instant (merk my taste)--1 siung baput besar cicang kasar--1/2 babom potong kotak--2 helai Daun bawang potong 2cm--secukupnya Kecap asin--",Setelah spaghetti al dente beri sedikit minyak supaya tdk menempel--Daging yg sudah di marinated digoreng 3/4 mateng dgn sedikit minyak. Sisihkan--Tumis babom dan baput sampai harum layu. Masukkan bumbu black pepper instant lalu masukkan spaghetti dan daging sapi. Aduk rata. Beri sedikit kecap asin. Dan daun bawang. Aduk rata. Koreksi rasa bila perlu.--Sajikan dengan cinta--,5,/id/resep/4471729-beef-black-pepper-spaghetti
[Notitle],,,0,/id/resep/4471696-brokoli-sapi-cah-paprika
Carbonara Linguine smooked beef,"Pasta linguine (bisa pasta lain) sesuai selera +/- 200gr--3 strip smooked beef potong kecil-kecil--Keju parmesan atau sering saya ganti cheddar--1/4 bagian awang bombay kecil--1 siung kecil awang putih (selera)--Susu full cream / cooking cream--1 butir telur--Lada, garam--Daun basil--2 sdm margarin--","Rebus pasta dengan sedikit garam lalu sisihkan--Parut keju cheddar banyaknya sesuai selera lalu sisihkan--Potong kasar dan agak besar bawang bombay. Potong halus bawang putih.--Panaskan 2 sdm margarin lalu tumis bawang bombay dan bawang putih sebentar jangn sampai berwarna coklat.--Masukan smooked beef yang sudah di slice lalu tumis sampai agak matang.--Saya lebih senang menggunakan susu tapi bisa juga dengan cooking cream jika ingin tekstur berat dan kental, versi saya akan gunakan susu full cream +/- 200 ml--Masukkan 3/4 keju pada susu yang mulai mendidih. Sisakan 1/4 dari yang sudah di parut untuk taburan. Aduk rata--Masukkan pasta, lalu tambahkan seasoning lada dan garam sesuai selera. Aduk rata sampai agak kental, terakhir kecilkan api lalu masukkan 1 butir telur ke atas masakan dan aduk cepat sampai merata jangan sampai putih telur matang duluan. Telur akan membuat tekstur saus carbonara semakin kental. Ingat langsung aduk rata jangan sampai matang duluan karena panas yang di hantarkan.--Terakhir setelah bercampur rata dan aroma keluar matikan kompor dan masukkan 2 helai kecil daun basil lalu aduk kembali. Tempatkan di piring lalu taburi keju parut / parmesan. Semoga bermanfaat dan disukai.--",1,/id/resep/4471643-carbonara-linguine-smooked-beef
Semur Jantung Sapi,1/5 kg jantung sapi--â–ªï¸bumbu halus â–ªï¸--5 siung bawang putih--4 siung bawang merah--1 sdt ketumbar--1 sdt lada putih--4 butir cengkeh / 1/4 sdt cengkeh--secukupnya Garam--secukupnya Pala--1/4 sdt jinten--1/4 sdt jahe bubuk atau 1 cm jahe biasa--2 buah kemiri--â–ªï¸bumbu tambahan â–ªï¸--1 sdm kecap inggris atau sesuai selera--1 sdt saori teriyaki--secukupnya Royco--1 buah gula merah--Kecap secukupnya atau sesuai selera--secukupnya Vetsin--secukupnya Gula putih--Air putih 500 ml atau di sesuaikan dengan banyaknya jantung yang akan di masak--Bawang bombay 1 buah (ukuran di kira-kira saja)--Delmonte barbeque sauce 3 atau 4 sdm--(Opsional) 4 buah cabe hijau kecil--,"Potong-potong jantung sapi dan lumurkan delmonte barbeque sauce kemudian diamkan di dalam kulkas hingga menyerap--Ulek bumbu halus yang sudah di sebutkan di atas--Potong-potong bawang bombay--Kemudian, tumis bumbu halus hingga wangi dan bau kemiri tidak tercium--Masukan bawang bombay kedalam katel--Kemudian masukan jantung yang udah di diamkan teraebut dan aduk rata--Tambahkan air--Tambahkan saori saos teriyaki--Masukan gula merah--Tambahkan kecap manis--Tambahkan royco--Tambahkan vetsin--Tambahkan gula putih--Tambahkan kecap inggris--(Opsional) kalau kurang pedes, bisa di tambahin cabai hijau kecil di iris-iris--Tunggu hingga air aga saat, dan kemudian bisa di hidangkan--",2,/id/resep/4469770-semur-jantung-sapi
Daging sapi cincang taousi cah buncis,1 ons daging sapi (cincang)--1/4 buncir atau kira2--bumbu--bawang putih--taousi hitam--lada bubuk--garam--gula pasir--royco kaldu sapi atau ayam--minyak wijen--kecap asin--,Cincang daging sapi di beri bumbu kecap asin minyak wijen gula tepung kanji secumput aduk rata diamkan dulu biar meresap--Potong panjng buncis.cincang bawang putih dan tousi--Tumis daging cincang yg sudah di bumbuin aduk sdh agk matang angkt siaihkn--Kasih minyak dikit di wajan tumis bawang dan tousi yg di cincang tumis sampi harum dan masukan buncis kasih sedikit garam dan gula aduk dan ksh sdikit air tutup biarkan matang--Lalu terakhir masukan daging cincang yg sdh di tumis tadi campur kdlm wajan buncis tumis bentr angkt--Tumia buncis daging sapi cincang siap di hidangkan..silakn mencoba--,1,/id/resep/4469431-daging-sapi-cincang-taousi-cah-buncis
Martabak tahu pedas kulit lumpia,12 lembar kulit lumpia--4 buah tahu putih--2 batang daun bawang (iris halus)--1 batang daun seledri (iris halus)--3 btr telur (sy pakai 2 aja krn agak besar)--1 sdm terigu + 2 sdm air (sbgai lem kulit lumpia)--Sckpnya minyak utk menggoreng--Bumbu halus :--3 siung bawang putih--1/2 bks lada/merica bubuk--Sckpnya garam gula dan kaldu bubuk--3-4 cabe merah kriting iris serong--2 buah wortel agak kecil parut kasar--,"Haluskan tahu putih campur semua bahan kecuali kulit lumpia (icip rasa)--Ambil 1 lbr kulit lumpia beri 1 sdm adonan tahu ditengahnya lalu lipat (seperti amplop) dgn rapi, lalu beri lem disetiap sisisnya spy tdk terbuka pd saat digoreng, lakukan hingga habis--Panaskan minyak diatas wajan dgn api sedang cenderung kecil, goreng martabak sampai kecoklatan angkat dan tiriskan (abaikan wajannya yg sdh mulai jelek ya ğŸ˜)--Martabak tahu pedas kulit lumpia siap dihidangkan--Selamat mencoba... ğŸ˜˜ğŸ˜˜--",7,/id/resep/4472701-martabak-tahu-pedas-kulit-lumpia
Batagor (Bakso Tahu Goreng) ala rumahan anti gagal,Bahan batagor--3 kotak ukuran kecil tahu kuning--5 sdm tepung terigu--1/2 sdm mentega (supaya kriuk2)--2 buah bawang putih--Garam (secukupnya)--Merica (secukupnya)--Air putih matang (secukupnya)--Bahan saus--2 sdm saus cabe (saya pake indofo**)--1/2 siung bawang putih--2 cabe rawit (sesuai selera ya karna suami saya gak suka pedas)--Kecap (secukupnya)--Air matang (secukupnya)--,"Haluskan tahu kuning, bawang putih, garam merica (hingga lumat)--Tambahkan mentega, tepung terigu kedalam adonan tahu dan beri air hingga lembek tapi jangan sampai encer ya. Koreksi rasa--Siapkan wajan dengan minyak, goreng adonan yang telah dibuat. (Saya pake 2 sendok buat bikin kecil2). Angkat dan tata di mangkuk.--Haluskan bawang putih, cabai rawit--Tumis bawang putih dan cabai yang sudah di haluskan hingga harus.--Masukkan saus, kecap, garam. Koreksi rasa--Batagor dan sausnya siap untuk dinikmati ğŸ¤¤--",7,/id/resep/4473611-batagor-bakso-tahu-goreng-ala-rumahan-anti-gagal
Sayur Sutace (sop tahu ceker),1/2 kg ceker ayam--4 buah wortel ukuran sedang--6 buah wortel--sesuai selera Kol--sesuai selera Daun bawang--sesuai selera Seledri--4 buah tahu kuning--Garam--Gula putih--Penyedap rasa (ma**ko)--Lada bubuk--Jeruk nipis--2 siung Bawang Putih--2 siung Bawang merah--,"Bersihkan ceker, lau rebut selama 3-4 menit pakai jeruk nipis biar gk terlalu bau--Tiriskan ceker--Potong2 tahu, lalu goreng set mateng, tiriskan--Potong2 sayurr, cuci hingga bersihh.--Haluskan bawang merah dan bawang putih.--Panaskan sedikit minyak masukan bawang yg sudah di haluskan, oseng2 hingga tercium wangi--Masukan sayurr, tampahkan air, garam, gula putih dan penyedap rasa secukupnya.--Tunggu hingga sayur hampir matang, masukan ceker, dan tahu.--Tutup wajan hingga kaldu meresap kedalam ceker dan tahu.--Setelah matang, tuang ke mangkok, siap di santappp ğŸ˜ŠğŸ˜Š--",5,/id/resep/4473647-sayur-sutace-sop-tahu-ceker
Sapo Tahu Ayam ala MeyğŸ‘Œ,"1 bks Tofu--5-10 bh filet ayam--1 bh wortel, iris tipis menyerong--5 bh jagung muda, iris tipis menyerong--1/2 kuntum bunga kol, pisahkan jd kuntum2 kecil--5 lbr pakcoy, iris 4-5 bag/lbr--2 lbr daun kol, iris2--2 sdm saos tiram--3 sdm kecap asin--1-2 sdm Royco ayam--1,5 gls air--Pengental : 1/2 gls air + 1 sdm sagu--Bumbu halus :--7 bh bamer--4 bh baput--1 sdt lada halus--Minyak utk menumis--","Iris tofu, jgn terlalu tipis, nanti hancur, goreng..,sisihkan--Siapkan sayur2annya, cuci, iris2, sisihkan (ups: pakcoynya hampir kelupaan)--Tumis bumbu halus, dgn api kecil, hingga matang, masukkan filet ayam, aduk2 beri air, masak sampai mendidih--Masukkan irisan wortel, jagung & brokoli, aduk tutup, biarkan sayur2an lunak & matang--Beri saos tiram, kecap asin & Royco, aduk2--Masukkan pakcoy & kol, aduk2, terakhir masukkan pengental, aduk rata, koreksi rasa--Sayuran pindahkan kepiring/mangkok, tata tofu goreng diatasnya, siram dgn saosnya--Sajikan--Ini foto sapo tahu yg pertama sekali buat pagi tadi #dibuangsayang--",4,/id/resep/4473233-sapo-tahu-ayam-ala-mey%F0%9F%91%8C
TTKK (tahu telur timun tauge kuah kacang),1 butir telur--1 tahu--secukupnya Timun--secukupnya Tauge--Kuah kacang :--Kacang tanah disangrai--Bawang merah--Bawang putih--Cabe kering--Cabe rawit--Gula merah--,"Goreng tahu dan telur, rebus tauge.--Potong2 timun sesuai selera--Tata telur pada piring, potong tahu taruh diatas telur tadi lalu tauge dan timun lalu airam kuah kacang--TTKK siap disantap--",0,/id/resep/4473231-ttkk-tahu-telur-timun-tauge-kuah-kacang
Perkedel Tahu Wortel Sederhana,1 bks tahu putih--1 batang wortel (potong kecil-kecil)--1/2 bks Masako ayam--secukupnya Lada bubuk--1 btr telur ayam (kocok)--2 sdm terigu--Minyak untuk menggoreng--,"Hancurkan tahu dalam baskom--Campurkan wortel yang telah di potong-potong, lada bubuk, masako, telur dan terigu--Uleni hingga semua tercampur--Ambil menggunakan sendok makan, masukkan ke dalam minyak panas, goreng hingga berwarna kecoklatan.--",4,/id/resep/4473213-perkedel-tahu-wortel-sederhana
Kari tahu telur kentang,"4 butir telur rebus--4 buah tahu, potong 8 bagian lalu goreng berkulit--2 buah kentang, potong 4 bagian--1 bks santan kara ukuran kecil--1000 ml air / kaldu--5 buah cengek utuh (tambahan dari saya)--Haluskan :--1 buah cabe merah buang biji--5 siung bawang merah--2 siung bawang putih--1 sdm bumbu kari instant--2 butir kemiri--1/4 sdt ketumbar--1/2 sdt merica bubuk--1/8 sdt pala bubuk--2 ruas jari kunyit--Rempah cemplung--1 batang sereh, geprek--2 cm lengkuas--1 cm jahe--2 lembar daun jeruk--1 lembar daun salam--Secukupnya asam jawa--Garam / kaldu bubuk--Gula pasir--","Tumis bumbu halus dan rempah cemplung hingga harum dan matang--Masukan kentang. Aduk rata--Beri air. Setelah agak mendidih masukan telur, tahu dan rawit utuh--Bumbui garam dan gula pasir--Setelah didih, masukan santan, aduk sesekali--Angkat, sajikan dengan pelengkap--",3,/id/resep/4471788-kari-tahu-telur-kentang
Sundubu Jjigae (sup tahu pedas ala2 korea),"1 bungkus tahu putih, potong2 besar--1/2 ons toge--1/2 ons kol--1-2 ons sawi putih--1 tangkai daun bawang, iris serong agak tebal--1/2 bulat bawang bombay, iris memanjang--2-3 botol air--2-3 sdm perasan jeruk nipis/limau/lemon--1 telur, kocok lepas--Bumbu halus :--3 cabe merah besar--3 cengek merah (ini pedesnya sedang)--3 bawang merah--1 bawang putih--1 tomat sedang--","Haluskan bumbu (blender).--Tumis bawang bombay sampai harum, lalu masukkan bumbu halus, beri air, tumis sampai bumbu matang--Baru masukkan sayuran dan tahu, perasan jeruk, gula, kaldu ayam, garam, tes rasa.--Kalo udah dirasa pas dan matang baru masukkan kocokan telur, aduk2 sampai telur matang, lalu matikan api. Langsung beri daun bawang atasnya. Selesai.--",7,/id/resep/4472974-sundubu-jjigae-sup-tahu-pedas-ala2-korea
Nugget Tahu Ekonomis Anti Gagal,"5 buah tahu(1kg an) sy: sekitar 700g--1 butir telur--4 siung bawang putih, haluskan--1/2 bks ladaku--Secukupnya garam(sy: garam di skip)--2 bks royco sapi(sy: 1 bks)--2 buah wortel,kupas kulitnya, lalu parut--1 btg daun bawang, iris halus--Bahan pelapis:--Secukupnya telur, kocok lepas--Secukupnya tepung roti/panir/bread crumb--","Cuci tahu dan tiriskan. Agar saat digoreng tidak rapuh atau nyemek.--Haluskan tahu, lalu beri semua bumbu kecuali bahan pelapis. Aduk rata.(bisa koreksi rasa ketika telur belum ditambahkan, garam bisa disesuaikan karna setiap tahu ada yg asin dan tawar)--Oles cetakan dengan minyak sayur. Masukkan adonan tahu lalu kukus selama 35 menit atau sampai matang. Tutup kukusan dilapisi serbet agar air tidak menetes.--Setelah matang tunggu hingga dingin.--Setelah dingin potong2. Siapkan bahan pelapis. Celupkan ke telur lalu ke tepung roti lakukan sampai habis. Nugget bisa langsung digoreng atau disimpan di frezzer. Sebaiknya menyimpan nugget tidak ditumpuk apabila ditumpuk alasi dengan kertas minyak/kertas roti agar tidak lengket.--Goreng di api sedang. Lakukan satu balikan bila satu sisi sudah kering. Agar tidak menyerap banyak minyak.--Sajikan hangat dengan saus sambalğŸ˜„. Lebih enak lagi bila ditambah keju dan kornetğŸ˜. Next time dicoba pakai keduanyağŸ˜Š.--",9,/id/resep/4448501-nugget-tahu-ekonomis-anti-gagal
Tahu Petis musim ujan,"1 sdm petis--2 bh cabe rawit,rajang--2 bwg pth,rajang halus--4 bwg mrh,rajang halus--Secukupnya garam--1/2 sdt maizena,larutkan dg 100 ml air--","Siapkan bahan2--Goreng tahu smp matang..sementara itu kita rajang halus bumbu/diuleg jg boleh..--Siapkan minyak dwajan Â±3 sdm,masukkan bumbu & petis,aduk rata. Biarkan smp harum. Lalu masukkan larutan maizena,aduk lg.. Icip smp dpt rasa yg pas.. Sajikan dgn tahu goreng... Sedapp--Drpd beli dluar,mending bkin sndiri yuk,rempong sdkit gpp demi kluarga trsayang..--",9,/id/resep/4472947-tahu-petis-musim-ujan
Orak arik telur buncis,1 buah telur--10 buncis--3 bawang merah--2 bawang putih--6 cabe rawit--1 sdm kecap manis--Penyedap (garam gula atau penyedap lainnya)--,"Haluskan bawang merah, bawang putih dan cabai--Iris buncis sesuai selera--Tumis bumbu halus hingga harum--Masukan buncis hingga agak layu--Masukan penyedap--Masukan telur, lalu campur dengan buncis di orak arik hingga rata.. tunggu sebentar lalu di orak arik lagi.. supaya matangnya sempurna ğŸ‘Œ(biar ga amis)--Masukan kecap manis--Masukan air sedikit biarkan menyusut dan meresap--Koreksi rasa--Jadi deh.. selamat menikmati ğŸ˜‡--",1,/id/resep/4474114-orak-arik-telur-buncis
Terik ayam tempe telor,4 sayap ayam--4 buah telor--1/2 papan tempe--Bumbu halus:--5 siung bawang merah--4 siung bawang putih--2 butir kemiri--1/2 sdm ketumbar--secukupnya Garam--Bumbu lain:--2 cm lengkuas--1 lembar daun salam--1 batang sereh--secukupnya Gula jawa--Bawang goreng--Minyak untuk menumis--1 bungkus santan kara--secukupnya Air--5 buah cabe rawit--,"Cuci sayap ayam kemudian sisihkan. Rebus telur dan kupas. Sisihkan. Potong tempe sesuai selera. Sisihkan.--Panaskan minyak langsung di dalam panci. Tumis sereh, daun salam, dan lengkuas. Setelah beberapa saat masukkan bumbu halus. Tumis sampai berbau harum. Kemudian masukkan air dan gula jawa dan cabe rawit. Jika air sudah mendidih, masukkan sayap ayam dan telor. Masukkan tempe belakangan. Tunggu beberapa saat sampai ayam empuk (karena pakai sayap ayam, jadi tidak begitu lama). Jika ayam sudah empuk masukkan santan kara. Tunggu beberapa saat. Sesuaikan rasa. Matikan api, dan taburkan bawang goreng.--Terik siap dinikmati dengan nasi hangat dan kerupun ğŸ˜--",6,/id/resep/4474066-terik-ayam-tempe-telor
Telur Kornet,1/2 kaleng kornet--2-3 buah bawang prei--2 buah telur--1 sdm tepung terigu--secukupnya Cabe rawit--2 jumput Garam--1/2 sdt Merica--1/2 sdm Saus tiram--,"Campur kornet, telur, bawang prei dan cabe yg sudah di iris tipis. Tambahkan garam merica saos tiram secukupnya dan tepung terigu. Goreng 1 sdm dulu setelah matang baru cek rasa. Dirasa sudah pas. Adonan siap di goreng.ğŸ˜Š--",7,/id/resep/4473838-telur-kornet
Tahu telur surabaya,1 butir telur--1 potong tahu putih goreng setengah matang--1/2 siung bawang putih goreng--1 sdm petis udang--3 sdm kacang tanah goreng--secukupnya Gula merah--secukupnya Air--Kucai secukupnya / seledri--secukupnya Bawang goreng--secukupnya Garam--Kecap manis--4 buah cabai rawit goreng--Tauge--Acar--,"Uleg kacang, cabai, bawang putih, gula merah, petis. Tambahkan air matang. Aduk rata. Sisihkan--Potong tahu kecil-kecil. Sisihkan--Kocok telur dan garam. Masukkan tahu ke telur. Goreng--Campur telur goreng dan tauge dengan saus kacang. Aduk rata.--Pindah ke piring, beri kecap manis secukupnya, taburi bawang goreng dan kucai/seledri. Tambahkan acar--",10,/id/resep/4473784-tahu-telur-surabaya
Telur ceplok masak kecap,4 butir telur--4 siung bwng merah--2 siung bwng putih--1 buah tomat--4 buah cabe merah besar--secukupnya Kecap bango--,"Ceplok telur lalu sisihkan--Iris tipis dua bwng,cabe dan tomat--Panaskan minyak tumis bmbu sampai harum--Tambahkan kecapmasukan telur tambahkan air sampai bmbu meresap--Angkat dan sajikan dengn nasi panas--",0,/id/resep/4473512-telur-ceplok-masak-kecap
Sambal telur ayam,1/2 kg telur--6 cabe merah besar--10 cabe rawit--Sejumput lada--Garam--Gula putih--Kecap manis--3 bawang putih--6 bawang merah--,"Rebus telur lalu kupas dan goreng--Rebus cabe merah, rawit, bawang putih, bawang merah, tomat--Lalu haluskan lada garam, dan bumbu yg di rebus tadi--Tumis bumbu sampai harum masukkan penyedab rasa dan gula, aduk rata. Masukkan air matang sedikit lalu masukkan kecap manis sesuai selera dan telur. Tunggu sampai air menyusut. Icip rasa--Sajikan--",6,/id/resep/4473513-sambal-telur-ayam
Telur Dadar Padang,"3 btr telur ayam(lebih enak pakai telur bebek)--4 sdm kelapa parut,sangrai(asli : 3 sdm)--2 sdm tepung beras,larutkan dengan sedikit air--1/2 lbr daun kunyit,buang tulangnya,iris halus(skip)--2 btg daun bawang,iris halus--Secukupnya garam dan kaldu bubuk(optional)--Bumbu halus :--3 bh cabe merah,giling/iris halus(aku tambah 5 bh cabe rawit)--5 btr bawang merah--3 siung bawang putih--1/2 ruas kunyit--1 sdt kari bubuk(aku pakai Baba's)--1 sdt ketumbar bubuk--1/2 sdt lada bubuk--","Kocok telur sebentar saja,jika kelamaan telurnya kempes saat didadar.--Masukkan bumbu halus,aduk rata.--Tambahkan bahan lainnya,beri garam dan kaldu bubuk,tes rasa.--Panaskan wajan datar anti lengket dengan api besar,beri minyak goreng secukupnya.--Setelah minyak panas,tuang kocokan telur,kecilkan api,tutup wajan.--Jika sudah kokoh,balik telur dan masak sisi lainnya hingga matang.--Angkat dan tiriskan.--Sajikan saat masih hangat dengan nasi panas..lamakk banaa..ngga perlu sambel lagi..karna ini udah pedess..ğŸ˜°ğŸ˜°--",39,/id/resep/4473259-telur-dadar-padang
Ceplok Telor saus Asam Manis,"2 btr telur--1 ruas wortel iris korek api--1 siung bwg putih geprek cacah halus--1/2 siung bwg bombay iris tipis--1 sdm saus tomat--1 sdm saus sambel--Sejumput garam, merica n kaldu bubuk--Seujung sdt gula--30 ml air--","Ceplok telur sisihkan--Tumis bwg putih n bwg bombay sampai harum lalu masukkan wortel, tumis sampai agak layu--Kecilkan api, tambahkan air n masukkan duo saus serta bumbu perasa lain--Aduk rata n masak sampai meletup letup, lalu guyurkan k telur ceplok--",5,/id/resep/4472169-ceplok-telor-saus-asam-manis
Potatoes cheese with egg,"250 gr kentang kupas dan potong bulat"" goreng setengah matang--2 bh sosis potong bulat--50 ml susu segar--50 gr keju cheedar parut--50 gr keju mozarela parut--3 butir telur kocok--lada dan garamsecukupnya--","Siapkan cetak tahan panas olesi dgn mentega, uk 12 cm--Tata kentang goreng dipinggan sampai tertutup semua--Kocokan telur bumbui dgn lada dan garam secukupnya, kocok rata tambahkan susu segar, sisihkan--Kentang yg sdh diatur dipinggan atasnya taburi dgn keju cheedar, potongan sosis, dan keju mozarela, terakhir tuangkan kocokan telur susu--Oven selama 20 mnt dgn suhu 180 derajat, jgn lupa panaskan oven lebih dahulu--Siap disajikan dgn saoce sambal tomat--",4,/id/resep/4473136-potatoes-cheese-with-egg
TTKK (tahu telur timun tauge kuah kacang),1 butir telur--1 tahu--secukupnya Timun--secukupnya Tauge--Kuah kacang :--Kacang tanah disangrai--Bawang merah--Bawang putih--Cabe kering--Cabe rawit--Gula merah--,"Goreng tahu dan telur, rebus tauge.--Potong2 timun sesuai selera--Tata telur pada piring, potong tahu taruh diatas telur tadi lalu tauge dan timun lalu airam kuah kacang--TTKK siap disantap--",0,/id/resep/4473231-ttkk-tahu-telur-timun-tauge-kuah-kacang
Orek tempe manis pedas super simple,Tempe (saya beli 3000 saja)--3 buah cabe gendot--3 buah cabe keriting--3 buah cabe rawit merah--2 siung bawang merah--1 siung bawang putih--Kecap--Saus tiram--Saus tomat--Kaldu bubuk--Garam--Gula--,"Potong2 tempe sesuai selera lalu goreng sebentar.--Tumis duo bawang dan semua cabe (cabe bisa sesuai selera ya pedesnya suka segimana) sampai harum. Masukkan tempe, kecap, saus tiram, saus tomat, kaldu bubuk, gulgar, dan tambahkan air satu gelas belimbing. Aduk2 dan tutup wajan.--Saat air sudah menyusut dan kuah kecap mengental. Cek rasa. Klo sudah oke. Matikan api. Sajikan. (Klo aku suka airnya sedikit sekali ğŸ˜‹). Selamat mencoba !--",7,/id/resep/4474061-orek-tempe-manis-pedas-super-simple
Terik ayam tempe telor,4 sayap ayam--4 buah telor--1/2 papan tempe--Bumbu halus:--5 siung bawang merah--4 siung bawang putih--2 butir kemiri--1/2 sdm ketumbar--secukupnya Garam--Bumbu lain:--2 cm lengkuas--1 lembar daun salam--1 batang sereh--secukupnya Gula jawa--Bawang goreng--Minyak untuk menumis--1 bungkus santan kara--secukupnya Air--5 buah cabe rawit--,"Cuci sayap ayam kemudian sisihkan. Rebus telur dan kupas. Sisihkan. Potong tempe sesuai selera. Sisihkan.--Panaskan minyak langsung di dalam panci. Tumis sereh, daun salam, dan lengkuas. Setelah beberapa saat masukkan bumbu halus. Tumis sampai berbau harum. Kemudian masukkan air dan gula jawa dan cabe rawit. Jika air sudah mendidih, masukkan sayap ayam dan telor. Masukkan tempe belakangan. Tunggu beberapa saat sampai ayam empuk (karena pakai sayap ayam, jadi tidak begitu lama). Jika ayam sudah empuk masukkan santan kara. Tunggu beberapa saat. Sesuaikan rasa. Matikan api, dan taburkan bawang goreng.--Terik siap dinikmati dengan nasi hangat dan kerupun ğŸ˜--",6,/id/resep/4474066-terik-ayam-tempe-telor
Penyet Tempe Sambel Korek Kemangi,2 buah tempe--1 genggam Daun kemangi--15 cabe rawit--2 siung bawang putih--Gula--Garam--,"Iris tempe jd beberapa potong, bumbui dg bawang putih dan garam. Goreng sampai kering--Ulek cabe rawit dan 1 siung bawang putih ukuran besar tambah gula garam sesuai selera--Setelah halus tuang minyak goreng panas bekas goreng tempe td--Penyet tempe diatas sambel dan beri daun kemangi--Tempe penyet siap disantap ğŸ˜‹ğŸ˜‹ğŸ˜‹--",8,/id/resep/4473809-penyet-tempe-sambel-korek-kemangi
Nugget tempe,"1 papan tempe dihaluskan(saya kukus dlu)--1 buah wortel (parut kasar)--2 batang daun bawang (di iris kasar)--1 butir telur--3 butir bawang merah (di iris lalu di goreng)--3 butir bawang putih (di haluskan)--5 sdm tepung terigu--Secukupnya garam,lada & penyedap rasa--secukupnya Tepung panir--secukupnya Minyak goreng--","Campur tempe,wortel,daun bawang & bumbu yg sudah dihaluskan,beri garam,lada & penyedap rasa,tes rasa lalu masukkan telur--Bentuk adonan sesuai selera lalu gulingkan di tepung panir--Goreng hingga matang--Sajikan dengan saos sambal--",8,/id/resep/4473715-nugget-tempe
Tempe tepung sajiku,1 potong tempe 3000--1 bngkus sajiku tepung serbaguna--secukupnya Air--Minyak untuk manggoreng--,Potong tempe tipis2--Tuang tepung lalu beri air secukupnya--Panaskan minyak tunggu sampai panas--Masukan satu persatu--Tempe kedalam tepung sampai adonan habis--Angkat tiriskan dan sajikan dengan cabe rawit--,1,/id/resep/4473463-tempe-tepung-sajiku
Patty Tempe,"250 gram tempe, kukus, haluskan--150 gram daging sapi/ ayam (sy: 200 gr daging sapi)--5 sdm tepung panir (sy: tepung kobe putih)--2 butir telur--1 buah bawang bombay ukuran sedang, potong kotak kecil--4 siung bawang putih, memarkan lalu cincang--1/4 sdt merica bubuk--1/2 sdt garam--","Ini tepung kobe putih yg sy pakai.--Campur semua bahan dalam wadah.--Ulen hingga semua tercampur rata. Adonan menjadi padat. Tes rasa.--Bentuk bulat lalu pipihkan. Timbang per adonan bila perlu.--Siapkan teflon, beri 2 sdm minyak goreng, panaskan. Masukkan adonan. Masak hingga bagian bawah adonan kecoklatan, lalu balik, masak kembali hingga kecoklatan. Angkat, dinginkan, siap untuk isian burger. Atau mau dimakan gitu aja di cocol saus sambal jg enakkk.--Bila akan di simpan di freezer, sebaiknya panggang di teflon setengah matang, biarkan dingin, lalu masukkan dalam wadah tertutup atau plastik. (sengaja sy simpan 1 buah selama 2 minggu, setelah di goreng ttp oke rasanya).--Selamat Mencoba ğŸ˜ƒ--",9,/id/resep/4469642-patty-tempe
Orek tempe basah bumbu ulek (recook),"1 papan tempe, potong sesuai selera (sy 1/2 papan tempe+4 tahu)--3 cabe ijo, iris (sy lombok merah utuh)--Secukupnya kecap manis--Secukupnya gula, garam, penyedap (sy garam aja)--Secukupnya air--Bumbu halus:--5 butir bawang merah--2 siung bawang putih--1/2 buah tomat--3 cabe merah keriting/cabe rawit (sy skip)--2 butir kemiri--1/4 sdt ketumbar--","Goreng tempe setengah matang, angkat, tiriskan dan sisihkan.--Panaskan secukupnya minyak, tumis bumbu sampai layu dan harum. Tambahkan air, biarkan mendidih. Tambahkan kecap, lombok dan garam, aduk rata. Tambahkan tempe, aduk rata. Koreksi rasa. Angkat.--Siap disajikan.--",6,/id/resep/4473253-orek-tempe-basah-bumbu-ulek-recook
Perkedel Tempe,"1/2 potong papan tempe (haluskan dgn sedikit air)--bumbu halus: ulek kasar--6 siung bawang merah--2 siung bawang putih--2 cabai rawit--1 sdt ketumbar bubuk--secukupnya garam, ebi--1/2 bungkus tepung racik bakwan--","Campurkan adonan tempe basah dengan bumbu halus, aduk rata--Panaskan wajan dgn minyak, tuang adonan per 1 sendok makan sampai adonan habis--Goreng adonan sampai berwarna kekuningan--",1,/id/resep/4473022-perkedel-tempe
Perkedel Tempe,"300 g tempe--1 butir telur, kocok lepas--1 btg daun bawang, iris2--1 sdt seledri, iris halus--Secukupnya gula, garam, lada bubuk--Bumbu yg digoreng/ditumis & dihaluskan:--3 siung bawang putih--4 buah bawang merah--","Potong2 tempe, dan kukus selama 25 menit.--Haluskan tempe dan masukkan semua bumbu, aduk rata.--Bentuk tempe sesuai selera. Saya pakai sendok sayur untuk mencetaknya.--Selanjutnya goreng diapi sedang sampai kekuningan.--",11,/id/resep/4448262-perkedel-tempe
Nugget Tempe Simple,"1 papan tempe--1 buah wortel--1 butir telur (kocok lepas)--5 siung bawang merah--2 siung bawang putih--2 batang daun bawang--1 sdt garam--Secukupnya: tepung terigu, merica, tepung roti & kaldu bubuk--","Haluskan bawang merah, bawang putih, merica, garam & kaldu bubuk. Tambahkan tempe, uleg sampai lembut--Potong2 daun bawang & parut wortel menggunakan parutan keju, siapkan baskom--Masukkan semua bahan dalam baskom kecuali telur & tepung roti. Tambahkan air & terigu, aduk rata. Masukkan dalam loyang & kukus selama 30 menit--Angkat, setelah dingin potong2 sesuai selera, celupkan dalam telur & gulingkan dalam tepung roti, simpan dalam freezer 30 menit. Lalu goreng. ğŸ±--",6,/id/resep/4472907-nugget-tempe-simple
Lumpia udang kulit tahu ala fe',"50 gram ayam potong kotak kecil--200 gram udang besar potong kecil--1 lembar daun bawang iris halus--1/2 sendok teh garam halus/sesuai selera--1/2 sendok teh gula--1/4 sendok teh merica bubuk--1 sendok teh kecap ikan--1 sendok teh saus raja rasa--1 sendok teh saus tiram--1 sendok teh minyak wijen--1 sendok makan tepung sagu--1 sendok teh tepung terigu--1 butir telur ambil bagian putihnya saja, kocok lepas--2 lembar kembang tahu kering / kulit tahu direndam sebentar--","Campur ayam & udang dengan semua bumbu & daun bawang, aduk rata. Sesudah rata masukkan tepung sagu, terigu & putih telur. Aduk rata.--Isikan ke lembaran kulit kembang tahu & lipat seperti melipat lumpia, sambil dipadatkan agar rapi & bentuk agak pipih jangan terlalu bulat. Olesi putih telur diujung lipatan agar merekat rapat.--Kukus sekitar 15 menit hingga matang. Angkat dinginkan. Siap digoreng dengan api kecil sebentar. Anakku suka digoreng agak lama dengan kuning telur kocok sisa adonan tadi. Nanti jadi ada kayak jala2 crispynya yang gurih & kering. Angkat & tiriskan jika sudah digoreng matang.--Sajikan dengan dipotong diagonal (potong 2 serong). Siap disantap dengan saus sambal botol yang biasanya saya rebus dengan bawang goreng, cabe rawit iris, gula & sedikit air. Selamat mencoba.--",4,/id/resep/4448366-lumpia-udang-kulit-tahu-ala-fe
Bakso Ayam Udang Keto,"400 gr ayam giling--250 gr udang kupas--3 telur ayam utuh kocok--30 ml minyak goreng--1/2 sdt baking powder--secukupnya garam, lada--2 sdm bawang goreng haluskan--secukupnya Bawang merah & putih--1/2 sdt minyak wijen--Karageenan secukupnya (pengenyal)--Es batu 8 keping kotak--","Campur semua bahan dalam food processor, kecuali daun bawang dan minyak goreng.--Tuang dalam baskom lalu taburi daun bawang dan minyak goreng, uleni rata (gunakan sarung tangan). Lalu simpan 2 jam dlm kulkas.--Panaskan minyak di wajan dgn api sedang. Bulatkan adonan dengan menggunakan dua sendok. Lalu goreng sampai matang. Adonan akan mengembang saat di wajan, tapi kembali kempes stelah diangkat.--",2,/id/resep/4474544-bakso-ayam-udang-keto
Udang ala pop corn,1/4 kg udang basah ukuran sedang--1 bungkus kobe tepung ayam super crispy--secukupnya Air matang--Minyak untuk menggoreng--,"Buang kepala dan cangkang udang.--Cuci bersih udang.--Tepung bumbu dibagi jadi 2 adonan. Adonan basah dan adonan kering.--Masukkan udang ke dalam adonan tepung bumbu kering, gulirkan ke dlm tepung sambil ditekan2. Lalu masukkan ke dalam Tepung bumbu adonan basah gulirkan lagi sambil di tekan2, lalu masukkan lagi di adonan tepung bumbu kering Sambil ditekan2 agar tepung menempel sempurna.--Panaskan minyak goreng. Lalu goreng udang sampai kuning keemasan.--Angkat dan tiriskan.--Sajikan selagi hangat ğŸ˜Š--",2,/id/resep/4418156-udang-ala-pop-corn
Bakwan Udang Sederhana,1/2 kg Tepung terigu (sudah di ayak)--1/2 Udang segar--1 btr Telur--4 siung bawang putih--1 sdm garam--1/2 sdm picin--1/2 bks penyedap rasa--1/2 sdm Merica bubuk--1/2 Ltr Air putih es--Minyak Makan--Daun Bawang (cincang)--Wortel (potong potong kecil)--,"Haluskan bawang putih, garam, picin dan merica bubuk--Masukan bumbu yang dihalus kan ke dalam udang, masukkan tepung terigu dan air secukup nya (jangan terlalu kental)--Pecahkan telur kedalam adonan, masukan potongan wortel dan daun bawang aduk hingga merata--Panas kan minyak goreng, masuk kan adonan sedikit demi sedikit--Setelah matang tiris kan, nikmati dengan saus tomat. Yummy--",0,/id/resep/4475500-bakwan-udang-sederhana
Udang Goreng Tepung Mayonaise,300 gr udang (buang kepalanya)--Jeruk nipis--Tepung bumbu Kobe--Sedikit garam--Bahan saos:--Mayonaise 2 sachet @30 ml (saya pakai mayumi)--1-2 sdm saos sambal/tomat--1 sdm susu kental manis--,"Cuci bersih udang, tambahkan jeruk nipis supaya tidak amis dan sedikit garam (agar rasa udang sedikit gurih). Sisihkan.--Tuang tepung bumbu secukupnya dalam wadah beri sedikit air hingga tekstur kental. Dalam wadah lain tuang tepung bumbu yang kering (saya campur dengan 2 sdm tepung beras agar gorengan lebih kriuk).--Masukkan udang kedalam adonan cair tepung kemudian pindahkan ke dalam tepung kering. Tepuk2 ringan supaya tepung menempel. Lalu goreng dalam wajan berisi minyak panas sampai kecoklatan.--Saos Mayonaise --> campur semua bahan saos aduk rata. Koreksi rasa.--Sajikan udang goreng tepung dengan saos mayonaise (bisa dicocol atau disiram diatas udang).--Selamat menikmati â˜º--",6,/id/resep/4474156-udang-goreng-tepung-mayonaise
Udang saus asam manis,1 Kg Udang mutiara--7 siung bawang merah--4 siung bawang putih--4 buah cabai merah--3 ruas jahe--3 ruas lengkuas--5 sdm saus cabai--10 sdm saus tomat--2 sdm saus tiram--5 sdm minyak sayur--1 sdt lada bubuk--1 1/2 sdt Garam (secukupnya)--100 ml air--,"Iris bawang merah, bawang putih, jahe, lengkuas, dan cabai merah--Masukan minyak dan bahan yang telah diiris, tumis hingga harum--Masukkan saus tiram, saus cabai dan saus tomat.--Masukan udang. Tambahkan garam dan lada bubuk.--Masukan air matang, aduk rata. Tunggu hingga matang.--Sajikan.--",0,/id/resep/4443123-udang-saus-asam-manis
Tekwan Kuah Udang,Untuk Tekwan :--1/4 ekor ikan tenggiri ğŸŒ¸--2 butir putih telur ğŸŒ¸--1 sdm kaldu bubuk ğŸŒ¸--2 sdt garam ğŸŒ¸--1 sdt gula (aku pakai brown sugar) ğŸŒ¸--1 sdt lada ğŸŒ¸--100 ml air dingin ğŸŒ¸--20 ml minyak sayur ğŸŒ¸--200 g tepung kanji ğŸŒ¸--1 liter Air untuk merebus--2 sdm minyak sayur untuk rebusan--Untuk Kuah Tekwan :--1/2 kg Udang--10 butir bawang putih--10 buah Jamur kuping--Bahan Tambahan :--Bihun \ soun--Daun bawang--Sambal cair--,"Untuk membuat tekwan, rebus air dengan 2sdm minyak sayur tunggu hingga mendidih. Campur semua bahan ğŸŒ¸ aduk rata. Bulat- bulatkan adonan lalu celupkan ke dalam air mendidih, tunggu hingga mengapung. Sisihkan.--Untuk Kuah tekwan, kupas udang pisahkan kulit dan kepala nya. Rebus kulit udang sebentar saja hingga mendidih.--Blender kepala udang dalam keadaan mentah, sisihkan.--Rebusan kulit udang tadi, buang kulitnya. Lalu, masukan blenderan kepala udang, udang potong dan tumisan bawang putih. Masak hingga 10 menit.--Tata dalam mangkuk. Bihun matang, tekwan, jamur. Lalu guyur kuah tekwan.--",5,/id/resep/4464484-tekwan-kuah-udang
Sambal udang goreng,1/4 kg udang--2 buah jeruk nipis--Minyak goreng--Garam--Gula pasir--Penyedap rasa--Daun jeruk--Bumbu dihaluskan:--6 siung bawang merah--4 siung bawang putih--1 buah tomat--8 cabe merah (sesuai selera)--5 cabe rawit (sesuai selera)--,"Cuci udang bersih, lumuri dengan jeruk nipis--Panaskan minyak, goreng udang sebentar--Haluskan bumbu (saya lebih suka di uleg)--Panaskan minyak sedikit, tumis bumbu halus & daun jeruk. Tumis hingga harum.--Masukkan udang. Beri garam, penyedap rasa & 1 sdt gula pasir. Koreksi rasa nya. Tumis sampai bumbu meresap ke udang.--Angkat & sajikan.--",7,/id/resep/4474006-sambal-udang-goreng
Udang asam manis oregano,1/2 kg udang vaname--1 bh bawang bombai--2 siung bawang putih--1 sdm oregano kering--4-6 sdm saos tomat--1 sdm saos sambal--1 sdm gula--sedikit garam--sedikit air--minyak untuk menumis--,"Bersihkan udang dan cuci dengan air garam, iris bawang bombai dan bawang putih--Siapkan wajan yang sudah diberi sedikit minyak lalu tumis bawang sampai harum dan masukkan oregano kering, beri sedikit air baru masukkan udang tunggu sampai udang berubah warna, baru masukkan saosnya beri garam dan gula,--Tambahkan air sedikit lagi tunggu sampai mateng dan cicipin hemmmm,,,--Nb. kalau menurut saya bund jangan pakai saos tomat mereknya delmonte karena kalau merek yg lain baunya g enak ada yg bau busuk ada juga yg bau kunyit,,,, hemmm, tp ini menurut saya ya,,,--",3,/id/resep/4473599-udang-asam-manis-oregano
Tumis buncis pakai udang,1/4 kg Buncis (iris serong)--4 bh bawang putih (geprek cincang)--Cabai merah keriting (sesuai selera)--10 bh udang (kupas)--1/2 sdt Kaldu jamur /royco--Sejumput gula pasir--secukupnya Garam--1 sdt kecap ikan--secukupnya Lada--150 ml air--,"Tumis bawang putih sampai harum, masukan udang, kecap ikan, tumis sampai kemerahan--Masukan buncisnya aduk, masukan kaldu jamur, lada, gula pasir, garam, aduk2, beri air...--Tumis sampai mendidih dan air menyusut... Cicipi rasa.... Jika buncis sudah empuk dan matang, siap disajikan. ğŸ‘--",5,/id/resep/4473387-tumis-buncis-pakai-udang
